A3GALT2,30005
A4GALT,18149
A4GNT,17968
ABCB9,50
ABCC8,59
ABCC9,60
ABL1,76
ABL2,77
ABO,79
ACACA,84
ACACB,85
ACAD10,21597
ACAD11,30211
ACAD8,87
ACAD9,21497
ACADL,88
ACADM,89
ACADS,90
ACADSB,91
ACADVL,92
ACHE,108
ACKR2,1565
ACKR3,23692
ACKR4,1611
ACOX1,119
ACOX2,120
ACOX3,121
ACOXL,25621
ACSL1,3569
ACSL3,3570
ACSL4,3571
ACSL5,16526
ACSL6,16496
ACTA1,129
ACTA2,130
ACTB,132
ACTC1,143
ACTG1,144
ACTG2,145
ACTL6A,24124
ACTL6B,160
ACTN1,163
ACTN2,164
ACTN3,165
ACTN4,166
ACVR1,171
ACVR2A,173
ACVR2B,174
ADCY1,232
ADCY10,21285
ADCY2,233
ADCY3,234
ADCY4,235
ADCY5,236
ADCY6,237
ADCY7,238
ADCY8,239
ADCY9,240
ADH1A,249
ADH1B,250
ADH1C,251
ADH4,252
ADH5,253
ADH6,255
ADH7,256
ADHFE1,16354
ADM,259
ADRA1A,277
ADRA1B,278
ADRA1D,280
ADRA2A,281
ADRA2B,282
ADRA2C,283
ADRB1,285
ADRB2,286
ADRB3,288
AKT1,391
AKT2,392
AKT3,393
ALB,399
ALDH1A1,402
ALDH1A2,15472
ALDH1A3,409
ALDH2,404
ALDH3A1,405
ALDH3A2,403
ALDH3B1,410
ALDH5A1,408
ALDH7A1,877
ALDH9A1,412
ALDOA,414
ALDOB,417
ALDOC,418
ALG1,18294
ALG10,23162
ALG10B,31088
ALG11,32456
ALG12,19358
ALG13,30881
ALG14,28287
ALG1L,33721
ALG1L2,37258
ALG2,23159
ALG3,23056
ALG5,20266
ALG6,23157
ALG8,23161
ALG9,15672
ANAPC1,19988
ANAPC10,24077
ANAPC11,14452
ANAPC13,24540
ANAPC15,24531
ANAPC16,26976
ANAPC2,19989
ANAPC4,19990
ANAPC5,15713
ANAPC7,17380
ANXA2,537
AP2A1,561
AP2A2,562
AP2B1,563
AP2M1,564
AP2S1,565
AP3B1,566
AP3D1,568
AP3S1,2013
AP3S2,571
APH1A,29509
APOA1,600
APOA2,601
APOA4,602
APOA5,17288
APOE,613
ARAF,646
AREG,651
ARF1,652
ARF3,654
ARF4,655
ARF5,658
ARF6,659
ARFRP1,662
ARHGDIA,678
ARHGDIB,679
ARHGDIG,680
ARID1A,11110
ARID1B,18040
ARL1,692
ARL10,22042
ARL11,24046
ARL13A,31709
ARL13B,25419
ARL14,22974
ARL15,25945
ARL16,27902
ARL17A,24096
ARL17B,32387
ARL2,693
ARL3,694
ARL4A,695
ARL4C,698
ARL4D,656
ARL5A,696
ARL5B,23052
ARL5C,31111
ARL6,13210
ARL8A,25192
ARL8B,25564
ARL9,23592
ARNT,700
ARNT2,16876
ARNTL,701
ARPC1A,703
ARPC1B,704
ARPC2,705
ARPC3,706
ARPC4,707
ARPC5,708
ARPC5L,23366
ARRB1,711
ARRB2,712
ASPN,14872
ATF1,783
ATF2,784
ATG4A,16489
ATG4B,20790
ATG4C,16040
ATG4D,20789
ATP1A1,799
ATP1A2,800
ATP1A3,801
ATP1A4,14073
ATP1B1,804
ATP1B2,805
ATP1B3,806
ATP1B4,808
ATP2A1,811
ATP2A2,812
ATP2A3,813
ATP5F1A,823
ATP5F1B,830
ATP5F1C,833
ATP5F1D,837
ATP5F1E,838
ATP5IF1,871
ATP5MC1,841
ATP5MC2,842
ATP5MC3,843
ATP5MD,30889
ATP5ME,846
ATP5MF,848
ATP5MG,14247
ATP5MPL,1188
ATP5PB,840
ATP5PD,845
ATP5PF,847
ATP5PO,850
ATP7A,869
AXIN1,903
AXIN2,904
AXL,905
AZU1,913
B3GALNT1,918
B3GALNT2,28596
B3GALT1,916
B3GALT2,917
B3GALT4,919
B3GALT5,920
B3GALT6,17978
B3GAT1,921
B3GAT2,922
B3GAT3,923
B3GLCT,20207
B3GNT2,15629
B3GNT3,13528
B3GNT4,15683
B3GNT5,15684
B3GNT6,24141
B3GNT7,18811
B3GNT8,24139
B3GNT9,28714
B3GNTL1,21727
B4GALNT1,4117
B4GALNT2,24136
B4GALNT3,24137
B4GALNT4,26315
B4GALT1,924
B4GALT2,925
B4GALT3,926
B4GALT4,927
B4GALT5,928
B4GALT6,929
B4GALT7,930
BCHE,983
BCKDHA,986
BCKDHB,987
BCL3,998
BGN,1044
BIRC2,590
BIRC3,591
BIRC5,593
BIRC6,13516
BIRC7,13702
BIRC8,14878
BMI1,1066
BMP1,1067
BMP10,20869
BMP15,1068
BMP2,1069
BMP3,1070
BMP4,1071
BMP5,1072
BMP6,1073
BMP7,1074
BMP8A,21650
BMP8B,1075
BMPR1A,1076
BMPR1B,1077
BMPR2,1078
BRAF,1097
BRCA1,1100
BRCA2,1101
BRIP1,20473
BTC,1121
BUB1,1148
BUB1B,1149
BUB3,1151
C1GALT1,24337
C1QA,1241
C1QB,1242
C1QC,1245
C1R,1246
C1S,1247
C5,1331
C6,1339
C7,1346
C8A,1352
C8B,1353
C8G,1354
C9,1358
CALM1,1442
CALM2,1445
CALM3,1449
CAMK1,1459
CAMK1D,19341
CAMK1G,14585
CAMK2A,1460
CAMK2B,1461
CAMK2D,1462
CAMK2G,1463
CAMK4,1464
CAPN1,1476
CAPN10,1477
CAPN11,1478
CAPN12,13249
CAPN13,16663
CAPN14,16664
CAPN15,11182
CAPN2,1479
CAPN3,1480
CAPN5,1482
CAPN6,1483
CAPN7,1484
CAPN8,1485
CAPN9,1486
CASP1,1499
CASP10,1500
CASP12,19004
CASP14,1502
CASP2,1503
CASP3,1504
CASP4,1505
CASP5,1506
CASP6,1507
CASP7,1508
CASP8,1509
CASP9,1511
CAV1,1527
CAV2,1528
CAV3,1529
CBX2,1552
CBX4,1554
CBX8,15962
CCL11,10610
CCL24,10623
CCL26,10625
CCNA1,1577
CCNA2,1578
CCNB1,1579
CCNB2,1580
CCNB3,18709
CCNC,1581
CCND1,1582
CCND2,1583
CCND3,1585
CCNE1,1589
CCNE2,1590
CCNF,1591
CCNG1,1592
CCNG2,1593
CCNH,1594
CCNI,1595
CCNI2,33869
CCNJ,23434
CCNJL,25876
CCNK,1596
CCNL1,20569
CCNL2,20570
CCNO,18576
CCNT1,1599
CCNT2,1600
CCNY,23354
CCNYL1,26868
CCNYL3,33206
CCR1,1602
CCR10,4474
CCR2,1603
CCR3,1604
CCR4,1605
CCR5,1606
CCR6,1607
CCR7,1608
CCR8,1609
CCR9,1610
CCRL2,1612
CCT2,1615
CCT3,1616
CCT4,1617
CCT5,1618
CCT6A,1620
CCT6B,1621
CCT7,1622
CCT8,1623
CD247,1677
CD3D,1673
CD3E,1674
CD3G,1675
CD8A,1706
CD8B,1707
CDC16,1720
CDC23,1724
CDC25A,1725
CDC25B,1726
CDC25C,1727
CDC26,17839
CDC27,1728
CDC34,1734
CDH1,1748
CDH10,1749
CDH11,1750
CDH12,1751
CDH13,1753
CDH15,1754
CDH16,1755
CDH17,1756
CDH18,1757
CDH19,1758
CDH2,1759
CDH20,1760
CDH22,13251
CDH24,14265
CDH3,1762
CDH4,1763
CDH5,1764
CDH6,1765
CDH7,1766
CDH8,1767
CDH9,1768
CDK1,1722
CDK10,1770
CDK11A,1730
CDK11B,1729
CDK12,24224
CDK13,1733
CDK14,8883
CDK15,14434
CDK16,8749
CDK17,8750
CDK18,8751
CDK19,19338
CDK2,1771
CDK20,21420
CDK3,1772
CDK4,1773
CDK5,1774
CDK6,1777
CDK7,1778
CDK8,1779
CDK9,1780
CDKL1,1781
CDKL2,1782
CDKL3,15483
CDKL4,19287
CDKL5,11411
CDKN1A,1784
CDKN1B,1785
CDKN1C,1786
CDKN2A,1787
CDKN2B,1788
CDKN2C,1789
CDKN2D,1790
CDKN3,1791
CEBPA,1833
CEBPB,1834
CEBPD,1835
CEBPE,1836
CEBPG,1837
CELA1,3308
CELA2A,24609
CELA2B,29995
CELA3A,15944
CELA3B,15945
CENPC,1854
CENPE,1856
CENPF,1857
CENPH,17268
CES1,1863
CES2,1864
CES3,1865
CES4A,26741
CES5A,26459
CFL1,1874
CFL2,1875
CGA,1885
CGB3,1886
CHAD,1909
CHEK1,1925
CHEK2,16627
CHPF,24291
CHPF2,29270
CHRM1,1950
CHRM2,1951
CHRM3,1952
CHRM4,1953
CHRM5,1954
CHRNA2,1956
CHRNA3,1957
CHRNA4,1958
CHRNA5,1959
CHRNA6,15963
CHRNA7,1960
CHRNB2,1962
CHRNB3,1963
CHRNB4,1964
CHSY1,17198
CHSY3,24293
CHUK,1974
CLINT1,23186
CLTA,2090
CLTB,2091
CLTC,2092
CLU,2095
CNKSR1,19700
CNKSR2,19701
COL1A1,2197
COL1A2,2198
COL4A1,2202
COL4A2,2203
COL4A3,2204
COL4A4,2206
COL4A5,2207
COL4A6,2208
COL5A1,2209
COL5A2,2210
COL5A3,14864
COLGALT1,26182
COLGALT2,16790
COMP,2227
COX10,2260
COX11,2261
COX15,2263
COX17,2264
COX4I1,2265
COX4I2,16232
COX5A,2267
COX5B,2269
COX6A1,2277
COX6A2,2279
COX6B1,2280
COX6B2,24380
COX6C,2285
COX7A1,2287
COX7A2,2288
COX7B,2291
COX7B2,24381
COX7C,2292
COX8A,2294
COX8C,24382
CREB1,2345
CREB3,2347
CREB3L1,18856
CREB3L2,23720
CREB3L3,18855
CREB3L4,18854
CREB5,16844
CREM,2352
CRISP1,304
CRISP2,12024
CRISP3,16904
CRTC1,16062
CRTC2,27301
CRTC3,26148
CSGALNACT1,24290
CSGALNACT2,24292
CSNK1A1,2451
CSNK1A1L,20289
CSNK1D,2452
CSNK1E,2453
CSNK1G1,2454
CSNK1G2,2455
CSNK1G3,2456
CSNK2A1,2457
CSNK2A2,2459
CSNK2B,2460
CTNNA1,2509
CTNNA2,2510
CTNNA3,2511
CTRC,2523
CUL1,2551
CUL2,2552
CUL3,2553
CUL4A,2554
CUL4B,2555
CUL5,2556
CUL7,21024
CWC27,10664
CX3CR1,2558
CXCL1,4602
CXCL10,10637
CXCL11,10638
CXCL12,10672
CXCL13,10639
CXCL14,10640
CXCL2,4603
CXCL3,4604
CXCL5,10642
CXCL6,10643
CXCL8,6025
CXCL9,7098
CXCR1,6026
CXCR2,6027
CXCR3,4540
CXCR4,2561
CXCR5,1060
CXCR6,16647
CYBA,2577
CYBB,2578
CYC1,2579
DAG1,2666
DAP3,2673
DBT,2698
DCN,2705
DCTN2,2712
DDR1,2730
DDR2,2731
DDX58,19102
DGKA,2849
DGKB,2850
DGKD,2851
DGKE,2852
DGKG,2853
DGKH,2854
DGKI,2855
DGKK,32395
DGKQ,2856
DGKZ,2857
DHH,2865
DHX58,29517
DLAT,2896
DLD,2898
DMD,2928
DNM1,2972
DNM2,2974
DNM3,29125
DPM1,3005
DRD1,3020
DRD2,3023
DRD3,3024
DRD4,3025
DRD5,3026
DSG1,3048
DSG2,3049
DSG3,3050
DSG4,21307
DSTN,15750
DTNA,3057
DTNB,3058
DUOX1,3062
DUOX2,13273
DUSP1,3064
DUSP2,3068
DUSP3,3069
DUSP4,3070
DUSP5,3071
DUSP6,3072
DVL1,3084
DVL2,3086
DVL3,3087
DYNC1H1,2961
DYNC1I1,2963
DYNC1I2,2964
DYNC1LI1,18745
DYNC1LI2,2966
DYNLL1,15476
DYNLRB1,15468
DYNLRB2,15467
DYRK1A,3091
DYRK1B,3092
DYRK2,3093
DYRK3,3094
DYRK4,3095
E2F1,3113
E2F2,3114
E2F3,3115
E2F4,3118
E2F5,3119
E2F6,3120
E2F7,23820
E2F8,24727
ECM2,3154
EDN1,3176
EDN2,3177
EDN3,3178
EED,3188
EGF,3229
EGFR,3236
EGR1,3238
EGR2,3239
EGR3,3240
EGR4,3241
EIF2B1,3257
EIF2B2,3258
EIF2B3,3259
EIF2B4,3260
EIF2B5,3261
EIF4A1,3282
EIF4A2,3284
EIF4A3,18683
EIF4E,3287
EIF4E2,3293
EIF4E3,31837
EIF4EBP1,3288
EIF4EBP2,3289
EIF4EBP3,3290
EIF4G1,3296
EIF4G2,3297
EIF4G3,3298
ELANE,3309
ELAVL1,3312
ENO1,3350
ENO2,3353
ENO3,3354
ENO4,31670
EOGT,28526
EPAS1,3374
EPGN,17470
EPHA1,3385
EPHA10,19987
EPHA2,3386
EPHA3,3387
EPHA4,3388
EPHA5,3389
EPHA6,19296
EPHA7,3390
EPHA8,3391
EPHB1,3392
EPHB2,3393
EPHB3,3394
EPHB4,3395
EPHB6,3396
EPN1,21604
EPN2,18639
EPN3,18235
EPYC,3053
ERBB2,3430
ERBB3,3431
ERBB4,3432
ERCC4,3436
EREG,3443
ESR1,3467
ESR2,3468
ETS1,3488
ETS2,3489
EXOC1,30380
EXOC2,24968
EXOC3,30378
EXOC4,30389
EXOC5,10696
EXOC6,23196
EXOC7,23214
EXOC8,24659
EXT1,3512
EXT2,3513
EXTL1,3515
EXTL2,3516
EXTL3,3518
EZH1,3526
EZH2,3527
F2,3535
FANCA,3582
FANCB,3583
FANCC,3584
FANCD2,3585
FANCE,3586
FANCF,3587
FANCG,3588
FANCI,25568
FANCL,20748
FANCM,23168
FAS,11920
FCGR1A,3613
FCGR1B,3614
FCGR2A,3616
FCGR2B,3618
FCGR2C,15626
FCGR3A,3619
FCGR3B,3620
FES,3657
FGA,3661
FGB,3662
FGF1,3665
FGF10,3666
FGF11,3667
FGF12,3668
FGF13,3670
FGF14,3671
FGF16,3672
FGF17,3673
FGF18,3674
FGF19,3675
FGF2,3676
FGF20,3677
FGF21,3678
FGF22,3679
FGF23,3680
FGF3,3681
FGF4,3682
FGF5,3683
FGF6,3684
FGF7,3685
FGF8,3686
FGF9,3687
FGFR1,3688
FGFR2,3689
FGFR3,3690
FGFR4,3691
FGFRL1,3693
FGG,3694
FGR,3697
FLOT1,3757
FLOT2,3758
FLRT1,3760
FLRT2,3761
FLRT3,3762
FLT1,3763
FLT4,3767
FMOD,3774
FNTA,3782
FNTB,3785
FOS,3796
FOSB,3797
FOSL1,13718
FOSL2,3798
FOXO1,3819
FOXO3,3821
FOXO4,7139
FOXO6,24814
FSHB,3964
FUT1,4012
FUT10,19234
FUT11,19233
FUT2,4013
FUT3,4014
FUT4,4015
FUT5,4016
FUT6,4017
FUT7,4018
FUT8,4019
FUT9,4020
FYN,4037
FZD1,4038
FZD10,4039
FZD2,4040
FZD3,4041
FZD4,4042
FZD5,4043
FZD6,4044
FZD7,4045
FZD8,4046
FZD9,4047
GABRA1,4075
GABRA2,4076
GABRA3,4077
GABRA4,4078
GABRA5,4079
GABRA6,4080
GABRB1,4081
GABRB2,4082
GABRB3,4083
GABRD,4084
GABRE,4085
GABRG1,4086
GABRG2,4087
GABRG3,4088
GABRP,4089
GABRQ,14454
GABRR1,4090
GABRR2,4091
GABRR3,17969
GALNT1,4123
GALNT10,19873
GALNT11,19875
GALNT12,19877
GALNT13,23242
GALNT14,22946
GALNT15,21531
GALNT16,23233
GALNT17,16347
GALNT18,30488
GALNT2,4124
GALNT3,4125
GALNT4,4126
GALNT5,4127
GALNT6,4128
GALNT7,4129
GALNT8,4130
GALNT9,4131
GALNTL5,21725
GALNTL6,33844
GATA1,4170
GATA2,4171
GATA3,4172
GATA4,4173
GATA5,15802
GATA6,4174
GBGT1,20460
GCDH,4189
GCNT1,4203
GCNT2,4204
GCNT3,4205
GCNT4,17973
GCNT7,16099
GDF1,4214
GDF2,4217
GDF3,4218
GDF5,4220
GDF6,4221
GDF7,4222
GLT1D1,26483
GLT6D1,23671
GLT8D1,24870
GLT8D2,24890
GNA11,4379
GNA12,4380
GNA13,4381
GNA14,4382
GNA15,4383
GNAI1,4384
GNAI2,4385
GNAI3,4387
GNAL,4388
GNAO1,4389
GNAQ,4390
GNAS,4392
GNAT1,4393
GNAT2,4394
GNAT3,22800
GNAZ,4395
GNB1,4396
GNB2,4398
GNB3,4400
GNB4,20731
GNB5,4401
GNG10,4402
GNG11,4403
GNG12,19663
GNG13,14131
GNG2,4404
GNG3,4405
GNG4,4407
GNG5,4408
GNG7,4410
GNG8,19664
GNGT1,4411
GNGT2,4412
GP1BA,4439
GP1BB,4440
GP5,4443
GP9,4444
GPAA1,4446
GPX1,4553
GPX2,4554
GPX3,4555
GPX4,4556
GPX5,4557
GPX6,4558
GPX7,4559
GPX8,33100
GRIA1,4571
GRIA2,4572
GRIA3,4573
GRIA4,4574
GRIK1,4579
GRIK2,4580
GRIK3,4581
GRIK4,4582
GRIK5,4583
GRK1,10013
GRK2,289
GRK3,290
GRK4,4543
GRK5,4544
GRK6,4545
GRK7,17031
GRM1,4593
GRM2,4594
GRM3,4595
GRM4,4596
GRM5,4597
GRM6,4598
GRM7,4599
GRM8,4600
GSK3A,4616
GSK3B,4617
GSTA1,4626
GSTA2,4627
GSTA3,4628
GSTA4,4629
GSTA5,19662
GSTK1,16906
GSTM1,4632
GSTM2,4634
GSTM3,4635
GSTM4,4636
GSTM5,4637
GSTO1,13312
GSTO2,23064
GSTP1,4638
GSTT1,4641
GSTT2,4642
GSTT2B,33437
GSTZ1,4643
GTDC1,20887
GTF2E1,4650
GTF2E2,4651
GTF2F1,4652
GTF2F2,4653
GUCY2C,4688
GUCY2D,4689
GUCY2F,4691
GXYLT1,27482
GXYLT2,33383
GYG1,4699
GYG2,4700
GYS1,4706
GYS2,4707
H1F0,4714
H1FNT,24893
H1FOO,18463
H1FX,4722
H2AFB1,22516
H2AFJ,14456
H2AFV,20664
H2AFX,4739
H2AFY,4740
H2AFY2,14453
H2AFZ,4741
H2BFM,27867
H2BFS,4762
H2BFWT,27252
H3F3C,33164
HAS1,4818
HAS2,4819
HAS3,4820
HAUS1,25174
HAUS2,25530
HAUS3,28719
HAUS4,20163
HAUS5,29130
HAUS6,25948
HAUS7,32979
HAUS8,30532
HBA1,4823
HBA2,4824
HBB,4827
HBD,4829
HBE1,4830
HBEGF,3059
HBG1,4831
HBG2,4832
HBM,4826
HBQ1,4833
HBZ,4835
HDAC1,4852
HDAC10,18128
HDAC11,19086
HDAC2,4853
HDAC3,4854
HDAC4,14063
HDAC5,14068
HDAC6,14064
HDAC7,14067
HDAC8,13315
HDAC9,14065
HES1,5192
HES2,16005
HES3,26226
HES4,24149
HES5,19764
HES6,18254
HES7,15977
HIF1A,4910
HIF3A,15825
HIST1H1A,4715
HIST1H1B,4719
HIST1H1C,4716
HIST1H1D,4717
HIST1H1E,4718
HIST1H1T,4720
HIST1H2AA,18729
HIST1H2AC,4733
HIST1H2AD,4729
HIST1H2AH,13671
HIST1H2AJ,4727
HIST1H2BA,18730
HIST1H2BB,4751
HIST1H2BD,4747
HIST1H2BH,4755
HIST1H2BJ,4761
HIST1H2BK,13954
HIST1H2BL,4748
HIST1H2BM,4750
HIST1H2BN,4749
HIST1H2BO,4758
HIST1H4G,4792
HIST2H2AB,20508
HIST2H2AC,4738
HIST2H2BC,20516
HIST2H2BD,20517
HIST2H2BE,4760
HIST2H2BF,24700
HIST3H2A,20507
HIST3H2BB,20514
HIST3H3,4778
HK2,4923
HLA-DRA,4947
HLA-DRB1,4948
HLA-DRB3,4951
HLA-DRB4,4952
HLA-DRB5,4953
HLTF,11099
HMOX1,5013
HMOX2,5014
HOTAIR,33510
HRAS,5173
HRNR,20846
HSP90AA1,5253
HSP90AB1,5258
HSP90B1,12028
HSPA12A,19022
HSPA12B,16193
HSPA13,11375
HSPA14,29526
HSPA1A,5232
HSPA1B,5233
HSPA1L,5234
HSPA2,5235
HSPA4,5237
HSPA4L,17041
HSPA5,5238
HSPA6,5239
HSPA8,5241
HSPA9,5244
HSPB1,5246
HSPB2,5247
HSPB8,30171
HSPH1,16969
HUS1,5309
HYOU1,16931
IFIH1,18873
IFNA1,5417
IFNA10,5418
IFNA13,5419
IFNA14,5420
IFNA16,5421
IFNA17,5422
IFNA2,5423
IFNA21,5424
IFNA4,5425
IFNA5,5426
IFNA6,5427
IFNA7,5428
IFNA8,5429
IFNB1,5434
IFNGR1,5439
IFNGR2,5440
IFNK,21714
IFNW1,5448
IFT22,21895
IGF1R,5465
IGFBP1,5469
IGFBP2,5471
IGFBP3,5472
IGFBP4,5473
IGFBP5,5474
IGFBP6,5475
IGFBP7,5476
IHH,5956
IKBKB,5960
IKBKE,14552
IKBKG,5961
IL12A,5969
IL12B,5970
IL15RA,5978
IL1A,5991
IL1B,5992
IL2RA,6008
IL2RB,6009
IL2RG,6010
INHA,6065
INHBA,6066
INHBB,6067
INS,6081
INSR,6091
INSRR,6093
IRS1,6125
IRS2,6126
IRS4,6128
IRX1,14358
IRX2,14359
IRX3,14360
IRX4,6129
IRX5,14361
IRX6,14675
IVD,6186
JAK1,6190
JAK2,6192
JAK3,6193
JUN,6204
JUNB,6205
JUND,6206
KAT5,5275
KAT6A,13013
KAT6B,17582
KAT7,17016
KAT8,17933
KDR,6307
KERA,6309
KIF22,6391
KLK1,6357
KLK10,6358
KLK11,6359
KLK12,6360
KLK13,6361
KLK14,6362
KLK15,20453
KLK2,6363
KLK3,6364
KLK4,6365
KLK5,6366
KLK6,6367
KLK7,6368
KLK8,6369
KLK9,6370
KLKB1,6371
KRAS,6407
KSR1,6465
KSR2,18610
LAMA1,6481
LAMA3,6483
LAMB1,6486
LAMB3,6490
LAMC1,6492
LAMC2,6493
LARGE1,6511
LARGE2,16522
LCK,6524
LDHA,6535
LDHB,6541
LDHC,6544
LEF1,6551
LFNG,6560
LHB,6584
LPAR1,3166
LPAR2,3168
LPAR3,14298
LPAR4,4478
LPAR6,15520
LUM,6724
MAD2L1,6763
MAF,6776
MAFA,23145
MAFB,6408
MAFF,6780
MAFG,6781
MAFK,6782
MAP1LC3A,6838
MAP1LC3B,13352
MAP1LC3B2,34390
MAP1LC3C,13353
MAP2K1,6840
MAP2K2,6842
MAP2K3,6843
MAP2K4,6844
MAP2K5,6845
MAP2K6,6846
MAP2K7,6847
MAP3K1,6848
MAP3K10,6849
MAP3K11,6850
MAP3K12,6851
MAP3K13,6852
MAP3K14,6853
MAP3K15,31689
MAP3K19,26249
MAP3K2,6854
MAP3K20,17797
MAP3K21,29798
MAP3K3,6855
MAP3K4,6856
MAP3K5,6857
MAP3K6,6858
MAP3K7,6859
MAP3K8,6860
MAP3K9,6861
MAPK1,6871
MAPK10,6872
MAPK11,6873
MAPK12,6874
MAPK13,6875
MAPK14,6876
MAPK3,6877
MAPK4,6878
MAPK8,6881
MAPK9,6886
MAPKAP1,18752
MCM2,6944
MCM3,6945
MCM4,6947
MCM5,6948
MCM6,6949
MCM7,6950
MCM8,16147
MCM9,21484
MCMDC2,26368
MED1,9234
MED14,2370
MED17,2375
MED23,2372
MED26,2376
MED27,2377
MED7,2378
MEF2A,6993
MEF2B,6995
MEF2C,6996
MEF2D,6997
MERTK,7027
MET,7029
MFNG,7038
MGAT1,7044
MGAT2,7045
MGAT3,7046
MGAT4A,7047
MGAT4B,7048
MGAT4C,30871
MGAT4D,43619
MGAT5,7049
MGAT5B,24140
MIR101-1,31488
MIR145,31532
MIR155,31542
MIR21,31586
MIR7-1,31638
MKNK1,7110
MKNK2,7111
MKX,23729
MLST8,24825
MMP1,7155
MMP10,7156
MMP11,7157
MMP12,7158
MMP13,7159
MMP14,7160
MMP15,7161
MMP16,7162
MMP17,7163
MMP19,7165
MMP2,7166
MMP20,7167
MMP21,14357
MMP23B,7171
MMP24,7172
MMP25,14246
MMP26,14249
MMP27,14250
MMP28,14366
MMP3,7173
MMP7,7174
MMP8,7175
MMP9,7176
MRPL1,14275
MRPL10,14055
MRPL11,14042
MRPL12,10378
MRPL13,14278
MRPL14,14279
MRPL15,14054
MRPL16,14476
MRPL17,14053
MRPL18,14477
MRPL19,14052
MRPL2,14056
MRPL20,14478
MRPL21,14479
MRPL22,14480
MRPL23,10322
MRPL24,14037
MRPL27,14483
MRPL28,14484
MRPL3,10379
MRPL30,14036
MRPL32,14035
MRPL33,14487
MRPL34,14488
MRPL35,14489
MRPL36,14490
MRPL37,14034
MRPL38,14033
MRPL39,14027
MRPL4,14276
MRPL40,14491
MRPL41,14492
MRPL42,14493
MRPL43,14517
MRPL44,16650
MRPL45,16651
MRPL46,1192
MRPL47,16652
MRPL48,16653
MRPL49,1176
MRPL50,16654
MRPL51,14044
MRPL52,16655
MRPL53,16684
MRPL54,16685
MRPL55,16686
MRPL57,14514
MRPL9,14277
MRPS10,14502
MRPS11,14050
MRPS12,10380
MRPS14,14049
MRPS15,14504
MRPS16,14048
MRPS17,14047
MRPS18A,14515
MRPS18B,14516
MRPS18C,16633
MRPS2,14495
MRPS21,14046
MRPS22,14508
MRPS23,14509
MRPS24,14510
MRPS25,14511
MRPS26,14045
MRPS27,14512
MRPS28,14513
MRPS30,8769
MRPS31,16632
MRPS33,16634
MRPS34,16618
MRPS35,16635
MRPS36,16631
MRPS5,14498
MRPS6,14051
MRPS7,14499
MRPS9,14501
MT-ATP6,7414
MT-ATP8,7415
MT-CO1,7419
MT-CO2,7421
MT-CO3,7422
MT-CYB,7427
MT-ND1,7455
MT-ND2,7456
MT-ND3,7458
MT-ND4,7459
MT-ND4L,7460
MT-ND5,7461
MT-ND6,7462
MT1A,7393
MT1B,7394
MT1CP,7395
MT1DP,7396
MT1E,7397
MT1F,7398
MT1G,7399
MT1H,7400
MT1HL1,31864
MT1IP,7401
MT1JP,7402
MT1L,7404
MT1M,14296
MT1P1,23681
MT1P3,16120
MT1X,7405
MT2A,7406
MT3,7408
MT4,18705
MTOR,3942
MYH1,7567
MYH10,7568
MYH11,7569
MYH13,7571
MYH14,23212
MYH15,31073
MYH2,7572
MYH3,7573
MYH4,7574
MYH6,7576
MYH7,7577
MYH7B,15906
MYH8,7578
MYH9,7579
MYL1,7582
MYL10,29825
MYL12A,16701
MYL12B,29827
MYL2,7583
MYL3,7584
MYL4,7585
MYL5,7586
MYL6,7587
MYL6B,29823
MYL7,21719
MYL9,15754
MYLPF,29824
MYO5A,7602
NAIP,7634
NCF1,7660
NCF2,7661
NCF4,7662
NCOA1,7668
NCOA2,7669
NCOA3,7670
NCOR1,7672
NCOR2,7673
NDRG1,7679
NDRG2,14460
NDRG3,14462
NDRG4,14466
NDUFA1,7683
NDUFA10,7684
NDUFA11,20371
NDUFA12,23987
NDUFA13,17194
NDUFA2,7685
NDUFA3,7686
NDUFA5,7688
NDUFA6,7690
NDUFA7,7691
NDUFA8,7692
NDUFA9,7693
NDUFAB1,7694
NDUFB1,7695
NDUFB10,7696
NDUFB11,20372
NDUFB2,7697
NDUFB3,7698
NDUFB4,7699
NDUFB5,7700
NDUFB6,7701
NDUFB7,7702
NDUFB8,7703
NDUFB9,7704
NDUFC1,7705
NDUFC2,7706
NDUFS1,7707
NDUFS2,7708
NDUFS3,7710
NDUFS4,7711
NDUFS5,7712
NDUFS6,7713
NDUFS7,7714
NDUFS8,7715
NDUFV1,7716
NDUFV2,7717
NDUFV3,7719
NEK8,13387
NFAT5,7774
NFATC1,7775
NFATC2,7776
NFATC3,7777
NFATC4,7778
NFE2L1,7781
NFE2L2,7782
NFE2L3,7783
NFKB1,7794
NFKB2,7795
NFKBIA,7797
NFYA,7804
NFYB,7805
NFYC,7806
NKD1,17045
NKD2,17046
NOS1,7872
NOS2,7873
NOS3,7876
NOTCH1,7881
NOTCH2,7882
NOTCH3,7883
NOTCH4,7884
NOX1,7889
NOX3,7890
NOX4,7891
NOX5,14874
NPPA,7939
NPPB,7940
NPPC,7941
NPR1,7943
NPR2,7944
NR1H2,7965
NR1H3,7966
NRAS,7989
NRG1,7997
NRG2,7998
NRG3,7999
NRG4,29862
NRXN1,8008
NRXN2,8009
NRXN3,8010
NTRK1,8031
NTRK2,8032
NTRK3,8033
NYX,8082
OGN,8126
OGT,8127
OMD,8134
OPTC,8158
P2RX1,8533
P2RX2,15459
P2RX3,8534
P2RX4,8535
P2RX5,8536
P2RX6,8538
P2RX7,8537
P2RY1,8539
P2RY10,19906
P2RY11,8540
P2RY12,18124
P2RY13,4537
P2RY14,16442
P2RY2,8541
P2RY4,8542
P2RY6,8543
P2RY8,15524
PA2G4,8550
PAFAH1B1,8574
PAK1,8590
PAK2,8591
PAK3,8592
PAK4,16059
PAK5,15916
PAK6,16061
PALB2,26144
PARP1,270
PARP10,25895
PARP11,1186
PARP12,21919
PARP14,29232
PARP15,26876
PARP16,26040
PARP2,272
PARP3,273
PARP4,271
PARP6,26921
PARP8,26124
PARP9,24118
PARVA,14652
PARVB,14653
PARVG,14654
PBX1,8632
PBX2,8633
PBX3,8634
PBX4,13403
PCCA,8653
PCCB,8654
PCGF2,12929
PDCD1,8760
PDCD6IP,8766
PDE10A,8772
PDE11A,8773
PDE1A,8774
PDE1B,8775
PDE1C,8776
PDE2A,8777
PDE3A,8778
PDE3B,8779
PDE4A,8780
PDE4B,8781
PDE4C,8782
PDE4D,8783
PDE5A,8784
PDE6A,8785
PDE6B,8786
PDE6C,8787
PDE7A,8791
PDE7B,8792
PDE8A,8793
PDE8B,8794
PDE9A,8795
PDGFA,8799
PDGFB,8800
PDGFC,8801
PDGFD,30620
PDGFRA,8803
PDGFRB,8804
PDHA1,8806
PDHA2,8807
PDHB,8808
PDHX,21350
PDK1,8809
PDK2,8810
PDK3,8811
PDK4,8812
PF4,8861
PFN1,8881
PFN2,8882
PFN3,18627
PFN4,31103
PGF,8893
PHC1,3182
PHC2,3183
PHC3,15682
PHF1,8919
PHKA1,8925
PHKA2,8926
PHKB,8927
PHKG1,8930
PHKG2,8931
PIGA,8957
PIGB,8959
PIGK,8965
PIGM,18858
PIGS,14937
PIGT,14938
PIGU,15791
PIGV,26031
PIGZ,30596
PIK3CA,8975
PIK3CB,8976
PIK3CD,8977
PIK3CG,8978
PIK3R1,8979
PIK3R2,8980
PIK3R3,8981
PIK3R4,8982
PIK3R5,30035
PIK3R6,27101
PIM1,8986
PIM2,8987
PIM3,19310
PKIA,9017
PKIB,9018
PKIG,9019
PLA2G10,9029
PLA2G12A,18554
PLA2G12B,18555
PLA2G1B,9030
PLA2G2A,9031
PLA2G2C,9032
PLA2G2D,9033
PLA2G2E,13414
PLA2G2F,30040
PLA2G3,17934
PLA2G4A,9035
PLA2G4C,9037
PLA2G4D,30038
PLA2G5,9038
PLA2G6,9039
PLA2G7,9040
PLCB1,15917
PLCB2,9055
PLCB3,9056
PLCB4,9059
PLCD1,9060
PLCD3,9061
PLCD4,9062
PLCE1,17175
PLCG1,9065
PLCG2,9066
PLCZ1,19218
PLD1,9067
PLD2,9068
PLD3,17158
PLD4,23792
PLD5,26879
PLD6,30447
PLPP1,9228
PLPP2,9230
PLPP3,9229
PODN,23174
PODNL1,26275
POFUT1,14988
POFUT2,14683
POGLUT1,22954
POGLUT2,19350
POGLUT3,28496
POLD1,9175
POLD2,9176
POLD3,20932
POLD4,14106
POLR1A,17264
POLR1B,20454
POLR1C,20194
POLR1D,20422
POLR2A,9187
POLR2B,9188
POLR2C,9189
POLR2D,9191
POLR2E,9192
POLR2F,9193
POLR2G,9194
POLR2H,9195
POLR2I,9196
POLR2J,9197
POLR2J2,23208
POLR2K,9198
POLR2L,9199
POMGNT1,19139
POMGNT2,25902
POMT1,9202
POMT2,19743
PPARA,9232
PPARD,9235
PPARG,9236
PPBP,9240
PPIA,9253
PPIAL4A,24369
PPIAL4C,33995
PPIAL4G,33996
PPIB,9255
PPIC,9256
PPID,9257
PPIE,9258
PPIF,9259
PPIH,14651
PPIL1,9260
PPIL2,9261
PPIL3,9262
PPIL4,15702
PPIL6,21557
PPM1J,20785
PPP1CA,9281
PPP1CB,9282
PPP1CC,9283
PPP1R10,9284
PPP1R11,9285
PPP1R12A,7618
PPP1R12B,7619
PPP1R12C,14947
PPP1R13B,14950
PPP1R14A,14871
PPP1R14B,9057
PPP1R14C,14952
PPP1R14D,14953
PPP1R15A,14375
PPP1R15B,14951
PPP1R16A,14941
PPP1R16B,15850
PPP1R1A,9286
PPP1R1B,9287
PPP1R1C,14940
PPP1R2,9288
PPP1R3A,9291
PPP1R3B,14942
PPP1R3C,9293
PPP1R3D,9294
PPP1R3F,14944
PPP1R7,9295
PPP1R8,9296
PPP1R9A,14946
PPP1R9B,9298
PPP2CA,9299
PPP2CB,9300
PPP2R1A,9302
PPP2R1B,9303
PPP2R2A,9304
PPP2R2B,9305
PPP2R2C,9306
PPP2R2D,23732
PPP2R3A,9307
PPP2R3B,13417
PPP2R5A,9309
PPP2R5B,9310
PPP2R5C,9311
PPP2R5D,9312
PPP2R5E,9313
PPP3CA,9314
PPP3CB,9315
PPP3CC,9316
PPP3R1,9317
PPP3R2,9318
PPWD1,28954
PRDX1,9352
PRDX2,9353
PRDX3,9354
PRDX4,17169
PRDX5,9355
PRDX6,16753
PRELP,9357
PRKAA1,9376
PRKAA2,9377
PRKAB1,9378
PRKAB2,9379
PRKACA,9380
PRKACB,9381
PRKACG,9382
PRKAG1,9385
PRKAG2,9386
PRKAG3,9387
PRKAR1A,9388
PRKAR1B,9390
PRKAR2A,9391
PRKAR2B,9392
PRKCA,9393
PRKCB,9395
PRKCD,9399
PRKCE,9401
PRKCG,9402
PRKCH,9403
PRKCI,9404
PRKCQ,9410
PRKCZ,9412
PRKD3,9408
PRKG1,9414
PRKG2,9416
PRTN3,9495
PSEN1,9508
PSEN2,9509
PSENEN,30100
PSMA1,9530
PSMA2,9531
PSMA3,9532
PSMA4,9533
PSMA5,9534
PSMA6,9535
PSMA7,9536
PSMA8,22985
PSMB1,9537
PSMB10,9538
PSMB2,9539
PSMB3,9540
PSMB4,9541
PSMB5,9542
PSMB6,9543
PSMB7,9544
PSMB8,9545
PSMB9,9546
PSMC1,9547
PSMC2,9548
PSMC3,9549
PSMC4,9551
PSMC5,9552
PSMC6,9553
PSMD1,9554
PSMD10,9555
PSMD11,9556
PSMD12,9557
PSMD13,9558
PSMD14,16889
PSMD2,9559
PSMD3,9560
PSMD4,9561
PSMD5,9563
PSMD6,9564
PSMD7,9565
PSMD8,9566
PSMD9,9567
PSME1,9568
PSME2,9569
PSME3,9570
PSMF1,9571
PTCH1,9585
PTCH2,9586
PTGER1,9593
PTGER2,9594
PTGER3,9595
PTGER4,9596
PTPA,9308
PTX3,9692
PYGB,9723
PYGL,9725
PYGM,9726
RAB10,9759
RAB11A,9760
RAB11B,9761
RAB12,31332
RAB13,9762
RAB14,16524
RAB15,20150
RAB17,16523
RAB18,14244
RAB19,19982
RAB1A,9758
RAB1B,18370
RAB1C,23683
RAB20,18260
RAB21,18263
RAB22A,9764
RAB23,14263
RAB24,9765
RAB25,18238
RAB26,14259
RAB27A,9766
RAB27B,9767
RAB28,9768
RAB29,9789
RAB2A,9763
RAB2B,20246
RAB30,9770
RAB31,9771
RAB32,9772
RAB33A,9773
RAB33B,16075
RAB34,16519
RAB35,9774
RAB36,9775
RAB37,30268
RAB38,9776
RAB39A,16521
RAB39B,16499
RAB3A,9777
RAB3B,9778
RAB3C,30269
RAB3D,9779
RAB40A,18283
RAB40AL,25410
RAB40B,18284
RAB40C,18285
RAB41,18293
RAB42,28702
RAB43,19983
RAB44,21068
RAB4A,9781
RAB4B,9782
RAB5A,9783
RAB5B,9784
RAB5C,9785
RAB6A,9786
RAB6B,14902
RAB6C,16525
RAB7A,9788
RAB7B,30513
RAB8A,7007
RAB8B,30273
RAB9A,9792
RAB9B,14090
RABL2A,9799
RABL2B,9800
RABL3,18072
RAC1,9801
RAC2,9802
RAC3,9803
RAD1,9806
RAD21,9811
RAD51,9817
RAD51C,9820
RAD9A,9827
RAF1,9829
RALA,9839
RALB,9840
RAP1A,9855
RAP1B,9857
RAPGEF1,4568
RAPGEF2,16854
RARA,9864
RARB,9865
RARG,9866
RASA1,9871
RASA2,9872
RASA3,20331
RASAL1,9873
RASAL2,9874
RASAL3,26129
RASGRF1,9875
RASGRF2,9876
RASGRP1,9878
RASGRP2,9879
RASGRP3,14545
RASGRP4,18958
RASSF1,9882
RASSF10,33984
RASSF2,9883
RASSF3,14271
RASSF4,20793
RASSF5,17609
RASSF6,20796
RASSF7,1166
RASSF8,13232
RASSF9,15739
REL,9954
RELA,9955
RELB,9956
RFC1,9969
RFC2,9970
RFC3,9971
RFC4,9972
RFC5,9973
RFNG,9974
RFX1,9982
RFX2,9983
RFX3,9984
RFX4,9985
RFX5,9986
RFX6,21478
RFX7,25777
RFX8,37253
RGL1,30281
RGL2,9769
RGL3,30282
RHOA,667
RHOB,668
RHOC,669
RHOG,672
RICTOR,28611
RING1,10018
RNF2,10061
ROBO1,10249
ROBO2,10250
ROBO3,13433
ROCK1,10251
ROCK2,10252
ROR1,10256
ROR2,10257
RP1,10263
RPA1,10289
RPA2,10290
RPA3,10291
RPS6KA1,10430
RPS6KA2,10431
RPS6KA3,10432
RPS6KA4,10433
RPS6KA5,10434
RPS6KA6,10435
RPS6KB1,10436
RPS6KB2,10437
RPTOR,30287
RXRA,10477
RXRB,10478
RXRG,10479
RXYLT1,13530
S100A1,10486
S100A10,10487
S100A11,10488
S100A12,10489
S100A13,10490
S100A14,18901
S100A16,20441
S100A2,10492
S100A3,10493
S100A4,10494
S100A5,10495
S100A6,10496
S100A7,10497
S100A7A,21657
S100A8,10498
S100A9,10499
S100B,10500
S100G,1436
S100P,10504
S100Z,30367
S1PR1,3165
S1PR2,3169
S1PR3,3167
S1PR4,3170
S1PR5,14299
SAA1,10513
SAA2,10514
SAA4,10516
SAR1A,10534
SAR1B,10535
SCD,10571
SCD5,21088
SCMH1,19003
SDHA,10680
SDHB,10681
SDHC,10682
SDHD,10683
SEM1,10845
SERPINB1,3311
SERPINB10,8942
SERPINB11,14221
SERPINB12,14220
SERPINB13,8944
SERPINB2,8584
SERPINB3,10569
SERPINB4,10570
SERPINB5,8949
SERPINB6,8950
SERPINB7,13902
SERPINB8,8952
SERPINB9,8955
SERPINC1,775
SFN,10773
SGCA,10805
SGCB,10806
SGCD,10807
SGCE,10808
SGCZ,14075
SHC1,10840
SHC2,29869
SHC3,18181
SHC4,16743
SHH,10848
SIK1,11142
SIK2,21680
SIK3,29165
SIRT1,14929
SIRT2,10886
SIRT3,14931
SIRT4,14932
SIRT5,14933
SIRT6,14934
SIRT7,14935
SKP1,10899
SLC27A2,10996
SLC2A1,11005
SLC2A10,13444
SLC2A11,14239
SLC2A12,18067
SLC2A14,18301
SLC2A2,11006
SLC2A3,11007
SLC2A4,11009
SLC2A5,11010
SLC2A6,11011
SLC2A7,13445
SLC2A8,13812
SLC2A9,13446
SLX4,23845
SMAD1,6767
SMAD2,6768
SMAD3,6769
SMAD4,6770
SMAD5,6771
SMAD6,6772
SMAD7,6773
SMAD9,6774
SMARCA1,11097
SMARCA2,11098
SMARCA4,11100
SMARCA5,11101
SMARCAD1,18398
SMARCB1,11103
SMARCC1,11104
SMARCC2,11105
SMARCD1,11106
SMARCD2,11107
SMARCD3,11108
SMARCE1,11109
SMC1A,11111
SMC1B,11112
SMC3,2468
SMURF1,16807
SMURF2,16809
SNAI1,11128
SNAI2,11094
SNAI3,18411
SNTA1,11167
SNTB1,11168
SNTG1,13740
SNTG2,13741
SOD1,11179
SOD2,11180
SOD3,11181
SOS1,11187
SOS2,11188
SPRED1,20249
SPRED2,17722
SPRED3,31041
SPRY1,11269
SPRY2,11270
SPRY3,11271
SPRY4,15533
SRC,11283
SREBF1,11289
SREBF2,11290
SSPN,11322
ST3GAL1,10862
ST3GAL2,10863
ST3GAL3,10866
ST3GAL4,10864
ST3GAL5,10872
ST3GAL6,18080
ST6GAL1,10860
ST6GAL2,10861
ST6GALNAC1,23614
ST6GALNAC2,10867
ST6GALNAC3,19343
ST6GALNAC4,17846
ST6GALNAC5,19342
ST6GALNAC6,23364
ST8SIA1,10869
ST8SIA2,10870
ST8SIA3,14269
ST8SIA4,10871
ST8SIA5,17827
ST8SIA6,23317
STAR,11359
STAT1,11362
STAT2,11363
STAT3,11364
STAT4,11365
STAT5A,11366
STAT5B,11367
STAT6,11368
STT3A,6172
STT3B,30611
SUGT1,16987
SUMO3,11124
SUZ12,17101
TAF1A,11532
TAF1B,11533
TAF1C,11534
TAOK1,29259
TAOK2,16835
TAOK3,18133
TAP1,43
TAP2,44
TBK1,11584
TBP,11588
TCF7,11639
TCF7L1,11640
TCF7L2,11641
TCHHL1,31796
TCIM,1357
TCP1,11655
TEAD1,11714
TEAD2,11715
TEAD3,11716
TEAD4,11717
TFAP2A,11742
TFAP2B,11743
TFAP2C,11744
TFAP2D,15581
TFAP2E,30774
TFDP1,11749
TFDP2,11751
TGFA,11765
TGFB1,11766
TGFB2,11768
TGFB3,11769
TGFBR1,11772
TGFBR2,11773
TGFBR3,11774
THBS1,11785
THBS2,11786
THBS3,11787
THBS4,11788
THRA,11796
THRB,11799
TIAM1,11805
TIAM2,11806
TIPARP,23696
TLR1,11847
TLR10,15634
TLR2,11848
TLR3,11849
TLR4,11850
TLR5,11851
TLR6,16711
TLR7,15631
TLR8,15632
TLR9,15633
TNC,5318
TNFRSF10A,11904
TNFRSF10B,11905
TNFRSF10C,11906
TNFRSF10D,11907
TNFRSF11A,11908
TNFRSF11B,11909
TNFRSF12A,18152
TNFRSF13B,18153
TNFRSF13C,17755
TNFRSF14,11912
TNFRSF17,11913
TNFRSF18,11914
TNFRSF19,11915
TNFRSF1A,11916
TNFRSF1B,11917
TNFRSF21,13469
TNFRSF25,11910
TNFRSF4,11918
TNFRSF8,11923
TNFRSF9,11924
TNKS,11941
TNKS2,15677
TNN,22942
TNNC1,11943
TNNC2,11944
TNNI1,11945
TNNI2,11946
TNNI3,11947
TNNT1,11948
TNNT2,11949
TNNT3,11950
TNR,11953
TNXB,11976
TOP2A,11989
TOP2B,11990
TP53,11998
TP63,15979
TP73,12003
TPSAB1,12019
TPSB2,14120
TPSD1,14118
TPSG1,14134
TRA,12027
TRAP1,16264
TRB,12155
TRD,12252
TRG,12271
TRIM23,660
TSC1,12362
TSC2,12363
TSKU,28850
TUBA1A,20766
TUBA1B,18809
TUBA1C,20768
TUBA3C,12408
TUBA3D,24071
TUBA3E,20765
TUBA4A,12407
TUBA8,12410
TUBAL3,23534
TUBB,20778
TUBB1,16257
TUBB2A,12412
TUBB2B,30829
TUBB3,20772
TUBB4A,20774
TUBB4B,20771
TUBB6,20776
TUBD1,16811
TUBE1,20775
TUBG1,12417
TUBG2,12419
TXN,12435
TXN2,17772
TXNRD1,12437
TXNRD2,18155
TXNRD3,20667
TYK2,12440
TYRO3,12446
UBE2A,12472
UBE2B,12473
UBE2C,15937
UBE2D1,12474
UBE2D2,12475
UBE2D3,12476
UBE2D4,21647
UBE2E1,12477
UBE2E2,12478
UBE2E3,12479
UBE2F,12480
UBE2G1,12482
UBE2G2,12483
UBE2H,12484
UBE2I,12485
UBE2J1,17598
UBE2J2,19268
UBE2L3,12488
UBE2L6,12490
UBE2M,12491
UBE2N,12492
UBE2NL,31710
UBE2Q1,15698
UBE2R2,19907
UBE2S,17895
UBE2T,25009
UBE2V1,12494
UBE2V2,12495
UBE2W,25616
UGCG,12524
UGGT1,15663
UGGT2,15664
UGT1A,12529
UGT1A1,12530
UGT1A10,12531
UGT1A11P,12532
UGT1A12P,12533
UGT1A13P,32191
UGT1A2P,12534
UGT1A3,12535
UGT1A4,12536
UGT1A5,12537
UGT1A6,12538
UGT1A7,12539
UGT1A8,12540
UGT1A9,12541
UGT2A1,12542
UGT2A2,28183
UGT2A3,28528
UGT2B10,12544
UGT2B11,12545
UGT2B15,12546
UGT2B17,12547
UGT2B24P,12548
UGT2B25P,12549
UGT2B26P,12550
UGT2B27P,12551
UGT2B28,13479
UGT2B29P,12552
UGT2B4,12553
UGT2B7,12554
UGT3A1,26625
UGT3A2,27266
UGT8,12555
UQCR10,30863
UQCR11,30862
UQCRB,12582
UQCRC1,12585
UQCRC2,12586
UQCRFS1,12587
UQCRH,12590
UQCRQ,29594
USP5,12628
UTRN,12635
VAV1,12657
VAV2,12658
VAV3,12659
VEGFA,12680
VEGFB,12681
VEGFC,12682
VEGFD,3708
WNT1,12774
WNT10A,13829
WNT10B,12775
WNT11,12776
WNT16,16267
WNT2,12780
WNT2B,12781
WNT3,12782
WNT3A,15983
WNT4,12783
WNT5A,12784
WNT5B,16265
WNT6,12785
WNT7A,12786
WNT7B,12787
WNT8A,12788
WNT8B,12789
WNT9A,12778
WNT9B,12779
XCR1,1625
XIAP,592
XRCC2,12829
XXYLT1,26639
XYLT1,15516
XYLT2,15517
YBX1,8014
YBX2,17948
YBX3,2428
YES1,12841
YWHAB,12849
YWHAE,12851
YWHAG,12852
YWHAH,12853
YWHAQ,12854
YWHAZ,12855
YY1,12856
ZNF134,12918
ZW10,13194
